id,grade,comment,date,studentsubject_id
1,4,praca domowa,21.09.2018,24
2,1,sprawdzian,26.09.2018,32
3,2,praca domowa,12.06.2018,86
4,3,test,24.05.2018,143
5,1,sprawdzian,30.04.2018,99
6,6,sprawdzian,30.04.2018,178
7,3,sprawdzian,08.02.2018,88
8,6,kartkówka,18.02.2018,109
9,6,kartkówka,02.01.2018,134
10,6,praca domowa,24.01.2018,163
11,5,kartkówka,10.05.2018,25
12,4,aktywność,15.06.2018,176
13,3,praca dodatkowa,18.10.2018,67
14,3,aktywność,04.06.2018,37
15,4,kartkówka,07.05.2018,137
16,3,praca dodatkowa,07.06.2018,132
17,2,kartkówka,12.10.2018,14
18,5,praca domowa,20.08.2018,90
19,2,kartkówka,19.10.2018,14
20,3,kartkówka,30.06.2018,199
21,2,sprawdzian,09.08.2018,54
22,5,praca dodatkowa,06.03.2018,86
23,1,praca dodatkowa,27.04.2018,197
24,1,praca domowa,11.05.2018,82
25,2,sprawdzian,23.12.2017,12
26,1,kartkówka,11.10.2018,5
27,2,praca domowa,25.06.2018,108
28,2,kartkówka,29.03.2018,176
29,3,kartkówka,04.10.2018,22
30,1,sprawdzian,07.04.2018,142
31,3,praca domowa,01.08.2018,169
32,1,praca dodatkowa,21.12.2017,117
33,2,kartkówka,28.04.2018,62
34,4,aktywność,10.02.2018,132
35,2,praca domowa,19.01.2018,32
36,5,praca dodatkowa,28.07.2018,6
37,1,praca domowa,07.07.2018,32
38,4,praca dodatkowa,03.09.2018,172
39,3,kartkówka,31.10.2018,45
40,5,aktywność,01.06.2018,54
41,1,test,11.01.2018,129
42,5,aktywność,25.03.2018,136
43,1,aktywność,13.10.2018,32
44,1,kartkówka,18.01.2018,63
45,1,aktywność,04.04.2018,82
46,6,praca dodatkowa,17.09.2018,45
47,4,sprawdzian,16.06.2018,29
48,6,kartkówka,05.08.2018,161
49,2,praca domowa,03.06.2018,132
50,3,test,12.01.2018,44
51,1,sprawdzian,17.06.2018,58
52,3,praca dodatkowa,19.03.2018,32
53,4,sprawdzian,04.09.2018,77
54,3,test,09.01.2018,71
55,5,praca dodatkowa,06.10.2018,92
56,2,sprawdzian,05.07.2018,166
57,3,test,09.05.2018,193
58,2,praca domowa,07.01.2018,103
59,1,sprawdzian,26.05.2018,124
60,6,aktywność,13.08.2018,167
61,6,kartkówka,06.08.2018,64
62,2,kartkówka,12.01.2018,200
63,3,aktywność,06.08.2018,74
64,2,sprawdzian,22.02.2018,65
65,1,praca domowa,03.06.2018,47
66,5,praca domowa,30.06.2018,78
67,5,aktywność,28.10.2018,130
68,6,praca dodatkowa,01.01.2018,55
69,2,praca dodatkowa,05.08.2018,58
70,5,sprawdzian,09.08.2018,109
71,1,test,20.01.2018,184
72,5,kartkówka,18.03.2018,177
73,4,praca domowa,02.10.2018,46
74,4,praca dodatkowa,10.01.2018,181
75,1,aktywność,30.12.2017,17
76,3,aktywność,17.05.2018,176
77,3,praca dodatkowa,18.10.2018,170
78,3,test,01.03.2018,52
79,2,praca domowa,20.01.2018,135
80,5,praca domowa,09.07.2018,55
81,4,praca domowa,01.06.2018,188
82,1,kartkówka,12.09.2018,85
83,4,praca dodatkowa,10.09.2018,66
84,6,praca domowa,25.09.2018,149
85,1,sprawdzian,14.06.2018,128
86,2,aktywność,04.10.2018,186
87,3,praca domowa,16.01.2018,192
88,5,praca domowa,05.09.2018,50
89,5,test,24.05.2018,95
90,3,aktywność,09.08.2018,5
91,1,sprawdzian,20.01.2018,108
92,6,aktywność,14.05.2018,74
93,4,test,22.07.2018,14
94,4,praca dodatkowa,30.05.2018,126
95,1,praca domowa,27.02.2018,127
96,4,aktywność,13.01.2018,71
97,3,praca dodatkowa,05.04.2018,44
98,4,kartkówka,29.07.2018,65
99,2,kartkówka,09.06.2018,94
100,2,praca dodatkowa,09.04.2018,95
101,3,kartkówka,13.05.2018,151
102,6,sprawdzian,13.02.2018,172
103,3,aktywność,08.02.2018,8
104,3,kartkówka,09.07.2018,83
105,1,kartkówka,20.02.2018,32
106,2,test,23.12.2017,137
107,6,praca domowa,22.09.2018,10
108,5,aktywność,30.09.2018,138
109,3,aktywność,20.03.2018,178
110,6,aktywność,05.07.2018,48
111,1,sprawdzian,15.02.2018,79
112,2,praca domowa,17.03.2018,16
113,4,test,09.07.2018,115
114,3,kartkówka,15.09.2018,81
115,3,praca domowa,08.01.2018,127
116,2,aktywność,21.12.2017,81
117,2,sprawdzian,24.03.2018,164
118,3,praca dodatkowa,01.10.2018,21
119,4,sprawdzian,06.02.2018,117
120,1,aktywność,12.08.2018,165
121,6,aktywność,26.08.2018,169
122,5,sprawdzian,11.06.2018,5
123,1,aktywność,17.08.2018,105
124,1,test,08.06.2018,105
125,2,test,10.10.2018,30
126,6,aktywność,27.02.2018,189
127,2,test,24.02.2018,162
128,6,test,07.06.2018,9
129,6,praca dodatkowa,19.12.2017,35
130,4,praca domowa,15.01.2018,48
131,6,test,22.06.2018,109
132,2,aktywność,16.04.2018,194
133,3,praca domowa,24.02.2018,90
134,1,kartkówka,18.01.2018,47
135,5,aktywność,22.07.2018,192
136,6,praca dodatkowa,03.03.2018,36
137,6,test,17.02.2018,142
138,3,aktywność,01.09.2018,73
139,2,sprawdzian,15.05.2018,127
140,1,praca dodatkowa,07.04.2018,20
141,4,test,23.04.2018,168
142,1,praca dodatkowa,21.05.2018,40
143,4,sprawdzian,09.07.2018,134
144,1,kartkówka,17.09.2018,59
145,3,kartkówka,03.08.2018,84
146,3,praca dodatkowa,28.09.2018,8
147,6,kartkówka,07.06.2018,55
148,1,aktywność,15.06.2018,115
149,1,aktywność,25.06.2018,89
150,1,aktywność,24.12.2017,187
151,5,aktywność,07.05.2018,42
152,3,sprawdzian,18.10.2018,167
153,1,sprawdzian,10.09.2018,132
154,6,praca dodatkowa,10.08.2018,93
155,3,praca domowa,03.05.2018,165
156,3,praca domowa,06.03.2018,71
157,3,praca domowa,27.07.2018,145
158,3,test,23.10.2018,71
159,6,praca dodatkowa,23.04.2018,92
160,4,praca domowa,19.01.2018,151
161,5,sprawdzian,08.02.2018,146
162,3,kartkówka,20.06.2018,24
163,1,praca dodatkowa,06.09.2018,61
164,2,sprawdzian,08.09.2018,151
165,2,praca domowa,30.12.2017,7
166,6,praca domowa,13.02.2018,14
167,4,praca domowa,11.04.2018,140
168,1,praca domowa,25.08.2018,42
169,3,sprawdzian,21.06.2018,112
170,3,aktywność,29.05.2018,116
171,5,kartkówka,19.07.2018,12
172,6,praca domowa,18.04.2018,97
173,6,test,28.07.2018,7
174,3,sprawdzian,04.07.2018,23
175,2,sprawdzian,29.12.2017,68
176,5,aktywność,17.01.2018,147
177,1,kartkówka,16.10.2018,55
178,5,praca dodatkowa,03.02.2018,16
179,6,aktywność,07.02.2018,10
180,5,kartkówka,09.04.2018,5
181,1,praca domowa,13.02.2018,2
182,2,aktywność,19.09.2018,60
183,1,kartkówka,26.09.2018,7
184,1,praca dodatkowa,22.09.2018,44
185,1,test,27.06.2018,27
186,1,aktywność,12.10.2018,76
187,2,test,04.08.2018,71
188,1,praca domowa,27.09.2018,12
189,5,aktywność,04.04.2018,159
190,3,test,04.08.2018,149
191,2,praca domowa,29.08.2018,195
192,6,aktywność,20.10.2018,50
193,4,test,28.02.2018,192
194,2,praca dodatkowa,17.06.2018,16
195,1,test,22.09.2018,195
196,5,aktywność,11.02.2018,145
197,1,sprawdzian,08.10.2018,148
198,2,sprawdzian,28.04.2018,46
199,4,praca domowa,26.07.2018,192
200,1,praca dodatkowa,21.10.2018,92
201,3,aktywność,11.05.2018,185
202,2,sprawdzian,28.01.2018,30
203,2,kartkówka,27.09.2018,60
204,5,praca dodatkowa,26.04.2018,120
205,5,sprawdzian,22.06.2018,92
206,3,praca domowa,18.10.2018,49
207,1,praca dodatkowa,02.07.2018,3
208,1,praca dodatkowa,24.10.2018,138
209,1,praca dodatkowa,13.08.2018,177
210,1,kartkówka,20.04.2018,5
211,5,test,02.02.2018,35
212,3,aktywność,27.03.2018,63
213,1,sprawdzian,28.01.2018,14
214,4,sprawdzian,25.12.2017,194
215,2,sprawdzian,03.08.2018,169
216,6,aktywność,28.09.2018,143
217,2,aktywność,16.09.2018,107
218,4,praca domowa,12.09.2018,148
219,1,kartkówka,15.09.2018,53
220,4,sprawdzian,26.03.2018,164
221,1,praca domowa,11.01.2018,122
222,5,praca domowa,25.06.2018,89
223,5,test,22.06.2018,49
224,6,kartkówka,23.12.2017,34
225,3,aktywność,13.05.2018,169
226,1,praca dodatkowa,18.09.2018,34
227,4,kartkówka,12.06.2018,59
228,5,sprawdzian,20.07.2018,73
229,5,praca dodatkowa,01.07.2018,127
230,3,aktywność,17.06.2018,78
231,5,praca dodatkowa,09.06.2018,128
232,3,test,14.09.2018,196
233,6,aktywność,14.10.2018,146
234,4,kartkówka,23.07.2018,102
235,4,aktywność,22.07.2018,109
236,1,praca dodatkowa,29.05.2018,164
237,1,sprawdzian,25.07.2018,126
238,2,praca dodatkowa,16.08.2018,144
239,5,praca dodatkowa,01.04.2018,114
240,4,sprawdzian,25.02.2018,57
241,5,praca domowa,04.08.2018,185
242,1,praca domowa,29.12.2017,196
243,3,test,05.05.2018,106
244,3,test,30.03.2018,149
245,5,sprawdzian,28.10.2018,88
246,6,test,15.03.2018,24
247,1,praca dodatkowa,22.09.2018,142
248,4,praca dodatkowa,27.08.2018,23
249,3,test,22.02.2018,144
250,6,test,18.04.2018,129
251,1,praca dodatkowa,04.02.2018,121
252,4,kartkówka,18.06.2018,65
253,1,aktywność,09.01.2018,137
254,3,praca domowa,01.08.2018,20
255,2,test,19.08.2018,66
256,5,aktywność,17.06.2018,125
257,3,test,07.01.2018,192
258,1,praca dodatkowa,05.02.2018,165
259,1,praca dodatkowa,24.04.2018,77
260,1,praca dodatkowa,30.04.2018,46
261,3,kartkówka,31.05.2018,55
262,2,kartkówka,30.12.2017,178
263,5,kartkówka,03.08.2018,172
264,2,kartkówka,06.02.2018,36
265,6,praca domowa,18.08.2018,45
266,1,praca domowa,04.05.2018,173
267,1,praca domowa,31.03.2018,88
268,1,aktywność,02.10.2018,102
269,5,sprawdzian,07.07.2018,34
270,4,kartkówka,15.02.2018,27
271,4,praca dodatkowa,27.10.2018,85
272,5,praca dodatkowa,28.05.2018,184
273,5,sprawdzian,09.04.2018,52
274,2,kartkówka,11.01.2018,85
275,6,aktywność,14.05.2018,41
276,4,test,28.12.2017,192
277,5,praca dodatkowa,21.10.2018,196
278,3,kartkówka,13.05.2018,90
279,1,sprawdzian,08.06.2018,119
280,3,sprawdzian,11.06.2018,44
281,5,aktywność,10.08.2018,12
282,6,aktywność,31.05.2018,199
283,3,aktywność,17.06.2018,117
284,4,aktywność,13.09.2018,6
285,6,praca domowa,21.02.2018,70
286,5,sprawdzian,05.10.2018,189
287,4,test,21.02.2018,100
288,1,aktywność,28.03.2018,127
289,1,praca domowa,24.08.2018,177
290,6,kartkówka,16.03.2018,63
291,4,praca domowa,28.08.2018,46
292,3,test,07.07.2018,6
293,4,sprawdzian,16.03.2018,182
294,6,test,08.02.2018,87
295,3,praca domowa,27.12.2017,55
296,3,praca dodatkowa,31.08.2018,65
297,6,praca domowa,12.06.2018,92
298,3,praca dodatkowa,23.10.2018,6
299,1,praca dodatkowa,10.02.2018,113
300,4,test,14.03.2018,181
301,1,praca dodatkowa,12.01.2018,159
302,5,praca dodatkowa,19.03.2018,66
303,4,kartkówka,24.03.2018,39
304,5,test,16.02.2018,61
305,4,aktywność,27.02.2018,174
306,1,kartkówka,11.06.2018,160
307,4,sprawdzian,08.06.2018,133
308,2,test,22.06.2018,59
309,4,praca domowa,10.09.2018,176
310,4,praca dodatkowa,17.01.2018,76
311,5,aktywność,19.10.2018,64
312,1,test,15.02.2018,71
313,3,praca dodatkowa,05.05.2018,18
314,5,test,24.03.2018,193
315,3,praca dodatkowa,16.06.2018,122
316,2,kartkówka,26.08.2018,145
317,5,test,09.06.2018,6
318,5,sprawdzian,26.04.2018,173
319,2,sprawdzian,21.09.2018,15
320,2,kartkówka,05.03.2018,186
321,1,test,27.08.2018,170
322,3,aktywność,04.08.2018,153
323,3,sprawdzian,12.10.2018,95
324,5,sprawdzian,15.10.2018,128
325,5,praca domowa,18.03.2018,119
326,4,praca domowa,26.08.2018,49
327,5,aktywność,13.04.2018,185
328,2,praca dodatkowa,05.01.2018,12
329,6,praca dodatkowa,10.03.2018,104
330,3,praca domowa,30.05.2018,197
331,5,praca domowa,27.06.2018,169
332,4,sprawdzian,01.03.2018,152
333,4,aktywność,28.05.2018,44
334,2,praca dodatkowa,17.10.2018,122
335,4,praca domowa,03.07.2018,19
336,3,praca dodatkowa,30.03.2018,150
337,5,aktywność,23.12.2017,188
338,2,praca dodatkowa,12.03.2018,37
339,6,sprawdzian,08.01.2018,196
340,3,praca dodatkowa,06.03.2018,155
341,1,praca dodatkowa,13.03.2018,74
342,4,praca domowa,06.03.2018,67
343,5,sprawdzian,29.04.2018,21
344,2,sprawdzian,16.05.2018,72
345,1,praca domowa,15.10.2018,44
346,3,praca dodatkowa,17.06.2018,153
347,2,praca domowa,14.05.2018,109
348,5,kartkówka,25.07.2018,99
349,3,aktywność,10.08.2018,171
350,6,test,30.12.2017,53
351,2,sprawdzian,27.10.2018,92
352,4,praca dodatkowa,19.08.2018,50
353,2,praca domowa,16.10.2018,56
354,2,sprawdzian,18.06.2018,86
355,4,kartkówka,27.04.2018,72
356,2,kartkówka,18.06.2018,37
357,1,aktywność,03.04.2018,12
358,1,aktywność,06.01.2018,95
359,4,praca dodatkowa,01.02.2018,180
360,6,praca domowa,03.04.2018,19
361,4,kartkówka,13.05.2018,38
362,2,kartkówka,15.05.2018,123
363,6,praca domowa,10.01.2018,108
364,2,praca dodatkowa,12.04.2018,76
365,6,kartkówka,25.08.2018,89
366,6,praca dodatkowa,27.10.2018,90
367,6,praca dodatkowa,20.05.2018,75
368,1,aktywność,26.07.2018,107
369,4,sprawdzian,16.02.2018,34
370,3,test,14.08.2018,119
371,6,test,19.01.2018,134
372,1,aktywność,07.06.2018,111
373,1,praca domowa,04.02.2018,38
374,1,kartkówka,19.08.2018,193
375,1,praca domowa,19.01.2018,130
376,5,praca dodatkowa,21.09.2018,2
377,3,kartkówka,30.10.2018,18
378,6,test,21.04.2018,124
379,3,praca dodatkowa,14.01.2018,72
380,1,test,05.10.2018,146
381,3,sprawdzian,28.12.2017,39
382,4,kartkówka,31.01.2018,128
383,4,aktywność,06.05.2018,110
384,4,kartkówka,17.06.2018,103
385,1,kartkówka,07.02.2018,66
386,6,aktywność,25.07.2018,22
387,5,praca dodatkowa,20.06.2018,88
388,2,kartkówka,07.03.2018,96
389,4,sprawdzian,18.04.2018,55
390,6,test,28.04.2018,89
391,5,aktywność,17.09.2018,175
392,5,praca domowa,18.03.2018,199
393,6,aktywność,12.10.2018,40
394,1,sprawdzian,03.10.2018,185
395,3,test,07.07.2018,115
396,3,aktywność,14.07.2018,77
397,4,aktywność,17.12.2017,23
398,2,kartkówka,29.05.2018,61
399,6,test,23.04.2018,68
400,2,sprawdzian,03.01.2018,176
401,2,test,19.02.2018,103
402,3,kartkówka,17.10.2018,188
403,5,aktywność,27.07.2018,180
404,4,test,27.01.2018,99
405,2,kartkówka,16.03.2018,87
406,5,aktywność,23.01.2018,175
407,4,praca dodatkowa,12.03.2018,181
408,5,test,05.08.2018,69
409,1,aktywność,17.06.2018,192
410,2,praca dodatkowa,14.06.2018,68
411,5,test,03.03.2018,118
412,4,praca domowa,02.01.2018,191
413,1,test,19.10.2018,134
414,2,praca dodatkowa,28.02.2018,128
415,2,sprawdzian,05.03.2018,78
416,5,aktywność,01.09.2018,163
417,5,sprawdzian,02.02.2018,39
418,4,test,27.08.2018,62
419,5,kartkówka,19.10.2018,196
420,1,praca domowa,11.08.2018,26
421,4,kartkówka,25.03.2018,63
422,4,aktywność,05.03.2018,9
423,3,test,04.01.2018,10
424,2,aktywność,17.08.2018,14
425,4,test,14.01.2018,103
426,1,test,07.05.2018,6
427,4,test,27.07.2018,33
428,6,praca dodatkowa,03.04.2018,66
429,2,kartkówka,18.07.2018,195
430,6,praca dodatkowa,25.12.2017,159
431,2,praca dodatkowa,26.05.2018,152
432,6,praca dodatkowa,02.07.2018,155
433,6,sprawdzian,09.03.2018,2
434,2,sprawdzian,12.02.2018,45
435,3,praca dodatkowa,23.10.2018,57
436,5,aktywność,16.04.2018,66
437,1,test,30.07.2018,42
438,3,praca dodatkowa,28.01.2018,188
439,4,test,18.08.2018,103
440,6,praca dodatkowa,13.04.2018,37
441,5,kartkówka,28.05.2018,178
442,2,aktywność,15.07.2018,91
443,2,test,09.01.2018,163
444,4,aktywność,08.03.2018,2
445,3,praca domowa,17.08.2018,29
446,4,praca dodatkowa,22.09.2018,137
447,4,praca domowa,21.07.2018,144
448,1,praca dodatkowa,14.08.2018,23
449,4,sprawdzian,18.07.2018,68
450,5,praca domowa,16.08.2018,62
451,3,sprawdzian,23.09.2018,180
452,1,sprawdzian,18.10.2018,162
453,4,sprawdzian,18.06.2018,37
454,6,kartkówka,01.10.2018,2
455,5,praca domowa,14.06.2018,31
456,2,praca dodatkowa,12.03.2018,72
457,6,aktywność,27.01.2018,105
458,5,test,27.01.2018,87
459,6,kartkówka,02.06.2018,135
460,6,aktywność,09.04.2018,67
461,4,kartkówka,24.08.2018,167
462,2,praca domowa,19.08.2018,161
463,4,kartkówka,18.04.2018,197
464,2,praca dodatkowa,08.06.2018,45
465,6,sprawdzian,18.07.2018,8
466,2,aktywność,26.04.2018,97
467,1,kartkówka,15.09.2018,32
468,1,praca domowa,07.04.2018,95
469,1,test,08.09.2018,144
470,4,kartkówka,05.09.2018,46
471,5,test,12.06.2018,112
472,5,kartkówka,16.04.2018,33
473,2,praca domowa,08.08.2018,114
474,4,praca domowa,22.05.2018,165
475,5,praca domowa,26.05.2018,46
476,4,test,20.12.2017,40
477,6,praca dodatkowa,21.10.2018,149
478,6,kartkówka,04.01.2018,104
479,6,praca domowa,23.08.2018,18
480,5,aktywność,07.06.2018,171
481,1,sprawdzian,27.08.2018,85
482,6,sprawdzian,11.02.2018,76
483,4,sprawdzian,08.08.2018,60
484,1,kartkówka,02.10.2018,61
485,4,test,19.06.2018,190
486,3,test,14.01.2018,55
487,5,test,23.06.2018,189
488,5,kartkówka,13.01.2018,126
489,1,praca dodatkowa,31.07.2018,130
490,4,kartkówka,04.08.2018,60
491,6,aktywność,26.05.2018,194
492,4,test,21.04.2018,37
493,6,test,13.04.2018,189
494,2,sprawdzian,21.02.2018,147
495,1,praca domowa,26.07.2018,111
496,1,aktywność,07.08.2018,26
497,1,test,13.02.2018,44
498,3,praca domowa,14.04.2018,105
499,5,praca domowa,17.09.2018,144
500,5,kartkówka,10.01.2018,132
501,3,praca domowa,30.09.2018,121
502,2,aktywność,28.06.2018,73
503,5,sprawdzian,09.04.2018,66
504,5,sprawdzian,31.08.2018,84
505,1,test,21.01.2018,178
506,1,aktywność,09.10.2018,191
507,2,praca domowa,29.09.2018,102
508,5,kartkówka,31.01.2018,193
509,1,praca domowa,09.04.2018,109
510,4,praca domowa,16.06.2018,17
511,3,aktywność,20.06.2018,134
512,4,sprawdzian,13.10.2018,132
513,4,test,25.07.2018,180
514,3,aktywność,15.03.2018,159
515,1,aktywność,17.02.2018,41
516,4,praca dodatkowa,26.12.2017,48
517,5,praca dodatkowa,04.02.2018,24
518,1,praca dodatkowa,24.09.2018,86
519,5,praca domowa,07.10.2018,63
520,1,sprawdzian,23.09.2018,129
521,1,kartkówka,11.07.2018,32
522,3,aktywność,02.02.2018,173
523,5,aktywność,13.07.2018,63
524,2,test,12.09.2018,177
525,6,sprawdzian,04.03.2018,149
526,3,test,10.03.2018,69
527,2,praca domowa,02.09.2018,112
528,2,test,09.02.2018,147
529,2,sprawdzian,11.04.2018,7
530,1,kartkówka,23.06.2018,91
531,2,praca domowa,17.08.2018,105
532,4,praca domowa,14.08.2018,60
533,1,praca dodatkowa,30.09.2018,78
534,2,praca dodatkowa,17.05.2018,183
535,1,aktywność,26.05.2018,151
536,1,aktywność,07.03.2018,88
537,1,kartkówka,06.02.2018,113
538,5,sprawdzian,25.09.2018,81
539,4,kartkówka,27.01.2018,177
540,1,praca dodatkowa,28.12.2017,160
541,4,kartkówka,02.03.2018,9
542,2,test,28.02.2018,43
543,3,kartkówka,14.10.2018,100
544,6,test,30.09.2018,47
545,3,sprawdzian,28.07.2018,172
546,5,praca dodatkowa,24.06.2018,50
547,1,aktywność,31.10.2018,67
548,3,test,21.07.2018,68
549,1,praca domowa,21.12.2017,109
550,3,praca domowa,11.10.2018,38
551,1,aktywność,03.02.2018,118
552,5,aktywność,30.08.2018,105
553,4,sprawdzian,15.09.2018,24
554,3,sprawdzian,13.07.2018,154
555,6,sprawdzian,22.12.2017,35
556,6,test,04.09.2018,2
557,2,praca domowa,12.08.2018,89
558,4,sprawdzian,04.07.2018,118
559,5,aktywność,16.03.2018,152
560,5,kartkówka,02.08.2018,113
561,2,aktywność,11.10.2018,52
562,2,sprawdzian,28.04.2018,142
563,1,kartkówka,15.10.2018,127
564,3,praca domowa,28.12.2017,189
565,4,praca domowa,29.03.2018,67
566,2,praca domowa,06.02.2018,39
567,6,sprawdzian,05.09.2018,4
568,5,sprawdzian,10.01.2018,69
569,3,aktywność,09.01.2018,5
570,5,test,09.09.2018,75
571,5,praca dodatkowa,30.08.2018,150
572,5,praca domowa,21.02.2018,154
573,3,sprawdzian,30.10.2018,195
574,2,praca dodatkowa,04.02.2018,184
575,1,kartkówka,08.01.2018,74
576,2,aktywność,16.02.2018,143
577,4,kartkówka,29.10.2018,138
578,4,praca domowa,24.06.2018,135
579,2,praca domowa,07.03.2018,3
580,6,praca dodatkowa,21.09.2018,53
581,1,aktywność,25.05.2018,85
582,3,test,31.08.2018,130
583,2,kartkówka,20.05.2018,140
584,5,praca dodatkowa,14.01.2018,148
585,4,kartkówka,05.10.2018,46
586,4,praca domowa,18.08.2018,186
587,4,kartkówka,24.05.2018,33
588,3,aktywność,26.06.2018,149
589,1,sprawdzian,21.08.2018,77
590,2,sprawdzian,31.10.2018,164
591,3,test,08.03.2018,126
592,4,test,20.05.2018,13
593,4,praca dodatkowa,28.05.2018,88
594,1,aktywność,24.02.2018,30
595,1,kartkówka,19.09.2018,71
596,2,test,11.04.2018,137
597,2,kartkówka,08.10.2018,108
598,4,kartkówka,16.05.2018,198
599,5,praca dodatkowa,30.12.2017,68
600,4,kartkówka,29.06.2018,131
601,1,aktywność,07.08.2018,22
602,4,praca domowa,18.12.2017,138
603,1,kartkówka,16.07.2018,142
604,4,aktywność,07.05.2018,6
605,4,sprawdzian,24.01.2018,178
606,5,aktywność,27.05.2018,50
607,2,aktywność,04.07.2018,13
608,2,praca dodatkowa,19.02.2018,190
609,1,kartkówka,09.09.2018,39
610,5,sprawdzian,13.01.2018,145
611,3,kartkówka,15.08.2018,181
612,4,kartkówka,05.09.2018,136
613,2,test,17.06.2018,180
614,1,praca dodatkowa,22.01.2018,75
615,4,praca dodatkowa,17.09.2018,164
616,6,kartkówka,13.02.2018,78
617,3,praca domowa,11.01.2018,192
618,1,aktywność,02.01.2018,1
619,3,test,30.12.2017,52
620,2,praca dodatkowa,13.09.2018,145
621,6,aktywność,25.06.2018,6
622,6,test,25.05.2018,17
623,5,sprawdzian,31.12.2017,49
624,2,kartkówka,22.03.2018,157
625,6,kartkówka,05.04.2018,63
626,5,aktywność,11.04.2018,116
627,5,kartkówka,24.08.2018,127
628,6,praca dodatkowa,18.12.2017,137
629,4,kartkówka,08.10.2018,111
630,2,test,20.01.2018,122
631,1,praca domowa,27.04.2018,67
632,4,kartkówka,13.06.2018,124
633,6,aktywność,04.09.2018,46
634,4,praca dodatkowa,03.07.2018,141
635,5,aktywność,19.05.2018,111
636,1,kartkówka,12.01.2018,49
637,5,sprawdzian,28.08.2018,76
638,1,praca domowa,20.03.2018,66
639,6,sprawdzian,30.12.2017,74
640,2,test,23.12.2017,20
641,1,test,18.02.2018,133
642,2,praca dodatkowa,30.03.2018,183
643,6,praca domowa,21.05.2018,109
644,6,praca dodatkowa,21.03.2018,120
645,4,sprawdzian,31.10.2018,132
646,4,test,03.09.2018,34
647,6,sprawdzian,22.10.2018,140
648,1,praca domowa,18.07.2018,59
649,4,aktywność,29.01.2018,200
650,6,kartkówka,22.04.2018,76
651,3,praca domowa,09.04.2018,26
652,3,test,29.06.2018,101
653,5,test,07.06.2018,117
654,5,praca dodatkowa,30.05.2018,48
655,5,test,10.05.2018,101
656,6,sprawdzian,14.10.2018,129
657,2,praca domowa,23.07.2018,60
658,6,sprawdzian,26.03.2018,94
659,5,praca dodatkowa,26.08.2018,133
660,3,praca dodatkowa,20.07.2018,94
661,6,aktywność,10.09.2018,44
662,3,aktywność,06.06.2018,34
663,5,test,28.06.2018,184
664,3,praca domowa,23.08.2018,27
665,3,kartkówka,24.07.2018,133
666,4,sprawdzian,11.05.2018,86
667,6,aktywność,23.05.2018,17
668,2,praca dodatkowa,02.08.2018,100
669,3,praca dodatkowa,07.04.2018,40
670,4,aktywność,30.07.2018,30
671,1,sprawdzian,24.02.2018,132
672,4,kartkówka,09.02.2018,80
673,2,kartkówka,06.06.2018,66
674,3,sprawdzian,05.10.2018,48
675,4,aktywność,13.08.2018,128
676,2,test,10.10.2018,104
677,3,aktywność,05.04.2018,35
678,5,praca dodatkowa,07.04.2018,63
679,5,kartkówka,26.01.2018,194
680,5,test,10.03.2018,146
681,4,praca domowa,14.10.2018,120
682,5,sprawdzian,29.06.2018,149
683,3,aktywność,02.04.2018,95
684,2,praca domowa,30.12.2017,199
685,3,kartkówka,08.10.2018,179
686,4,aktywność,08.01.2018,183
687,3,kartkówka,27.03.2018,176
688,4,kartkówka,26.03.2018,157
689,2,sprawdzian,26.05.2018,121
690,4,aktywność,22.01.2018,123
691,4,praca dodatkowa,22.07.2018,155
692,4,sprawdzian,10.06.2018,178
693,1,test,10.08.2018,193
694,3,praca domowa,21.12.2017,60
695,6,sprawdzian,24.03.2018,131
696,1,praca dodatkowa,13.01.2018,156
697,5,sprawdzian,18.12.2017,5
698,4,kartkówka,16.04.2018,1
699,1,test,10.04.2018,142
700,6,test,15.08.2018,128
701,5,aktywność,29.09.2018,39
702,6,aktywność,19.12.2017,62
703,6,aktywność,17.02.2018,19
704,1,test,02.10.2018,187
705,5,kartkówka,10.04.2018,192
706,5,aktywność,19.01.2018,1
707,5,praca dodatkowa,26.04.2018,116
708,5,praca dodatkowa,28.07.2018,125
709,4,praca domowa,08.05.2018,152
710,3,test,05.02.2018,165
711,4,aktywność,26.08.2018,179
712,1,sprawdzian,02.01.2018,88
713,1,praca dodatkowa,02.10.2018,165
714,5,sprawdzian,16.02.2018,84
715,1,aktywność,17.10.2018,3
716,1,praca dodatkowa,10.10.2018,1
717,6,praca domowa,12.09.2018,106
718,3,aktywność,03.03.2018,81
719,5,aktywność,23.02.2018,82
720,5,sprawdzian,04.04.2018,29
721,2,test,07.03.2018,30
722,3,sprawdzian,12.08.2018,174
723,1,praca domowa,06.02.2018,95
724,4,aktywność,05.01.2018,42
725,4,praca domowa,19.12.2017,9
726,4,test,08.07.2018,115
727,3,kartkówka,25.12.2017,33
728,1,kartkówka,17.10.2018,182
729,2,test,19.06.2018,141
730,5,test,25.10.2018,38
731,2,sprawdzian,27.02.2018,192
732,4,praca domowa,27.05.2018,40
733,5,praca dodatkowa,08.07.2018,155
734,4,praca dodatkowa,05.10.2018,116
735,4,praca dodatkowa,24.01.2018,75
736,4,test,13.10.2018,162
737,3,test,28.08.2018,195
738,4,praca dodatkowa,11.06.2018,61
739,4,kartkówka,09.05.2018,20
740,4,aktywność,19.09.2018,86
741,4,test,29.05.2018,183
742,6,kartkówka,19.07.2018,90
743,5,test,24.09.2018,113
744,6,test,21.10.2018,128
745,2,sprawdzian,02.01.2018,139
746,4,sprawdzian,14.02.2018,190
747,4,praca domowa,13.06.2018,106
748,2,test,01.09.2018,108
749,3,sprawdzian,27.05.2018,117
750,1,praca dodatkowa,10.01.2018,36
751,6,praca domowa,29.04.2018,155
752,3,praca dodatkowa,28.09.2018,160
753,3,test,21.03.2018,138
754,6,test,30.05.2018,104
755,3,kartkówka,16.10.2018,178
756,2,kartkówka,10.06.2018,83
757,3,kartkówka,17.02.2018,163
758,4,praca dodatkowa,13.03.2018,49
759,1,praca domowa,21.09.2018,169
760,4,test,22.06.2018,111
761,4,sprawdzian,14.03.2018,181
762,2,sprawdzian,29.06.2018,22
763,4,praca domowa,05.06.2018,42
764,1,praca domowa,02.07.2018,79
765,3,aktywność,01.05.2018,8
766,2,praca dodatkowa,16.03.2018,35
767,4,aktywność,22.08.2018,187
768,1,sprawdzian,19.08.2018,145
769,1,sprawdzian,07.09.2018,112
770,4,praca domowa,27.09.2018,67
771,6,aktywność,13.05.2018,146
772,6,praca dodatkowa,24.08.2018,33
773,3,sprawdzian,18.09.2018,19
774,1,sprawdzian,27.10.2018,125
775,1,sprawdzian,07.09.2018,105
776,1,kartkówka,15.07.2018,181
777,5,aktywność,30.10.2018,158
778,4,aktywność,18.01.2018,96
779,1,test,29.04.2018,37
780,4,kartkówka,01.09.2018,85
781,3,test,06.03.2018,91
782,2,praca domowa,16.02.2018,142
783,2,test,30.12.2017,112
784,6,praca domowa,30.05.2018,5
785,4,praca domowa,12.05.2018,50
786,6,praca domowa,21.01.2018,25
787,5,sprawdzian,20.02.2018,105
788,1,aktywność,16.09.2018,122
789,3,test,19.07.2018,29
790,6,praca domowa,11.06.2018,192
791,4,test,30.12.2017,93
792,5,sprawdzian,03.03.2018,13
793,6,praca domowa,23.02.2018,98
794,5,sprawdzian,05.05.2018,103
795,2,aktywność,17.02.2018,9
796,2,praca domowa,24.04.2018,3
797,4,praca domowa,25.04.2018,173
798,4,praca dodatkowa,24.04.2018,10
799,4,sprawdzian,07.03.2018,115
800,2,sprawdzian,19.06.2018,116
801,3,praca domowa,30.08.2018,105
802,4,aktywność,05.07.2018,86
803,6,sprawdzian,25.02.2018,79
804,5,aktywność,20.08.2018,119
805,4,test,28.10.2018,21
806,3,sprawdzian,22.10.2018,25
807,2,praca dodatkowa,27.03.2018,151
808,1,sprawdzian,28.04.2018,6
809,5,kartkówka,15.02.2018,90
810,5,sprawdzian,03.06.2018,41
811,5,aktywność,29.01.2018,71
812,3,sprawdzian,19.10.2018,91
813,1,sprawdzian,18.10.2018,31
814,3,test,22.05.2018,71
815,3,aktywność,10.03.2018,74
816,3,kartkówka,18.05.2018,59
817,4,praca domowa,04.02.2018,84
818,3,praca dodatkowa,17.01.2018,26
819,4,praca domowa,22.07.2018,57
820,1,praca domowa,17.10.2018,78
821,2,praca dodatkowa,13.06.2018,109
822,5,praca dodatkowa,07.09.2018,29
823,2,test,02.03.2018,179
824,5,praca dodatkowa,03.02.2018,88
825,3,kartkówka,01.03.2018,115
826,4,test,13.07.2018,106
827,4,test,23.03.2018,120
828,2,aktywność,08.03.2018,171
829,2,praca domowa,21.10.2018,41
830,1,kartkówka,26.09.2018,7
831,1,aktywność,09.06.2018,95
832,6,aktywność,03.10.2018,46
833,2,aktywność,26.08.2018,2
834,3,praca dodatkowa,22.04.2018,28
835,4,praca domowa,18.09.2018,100
836,3,aktywność,13.09.2018,106
837,6,kartkówka,03.04.2018,148
838,4,kartkówka,16.08.2018,74
839,5,kartkówka,18.07.2018,41
840,5,praca domowa,06.06.2018,83
841,3,test,23.04.2018,133
842,1,sprawdzian,19.07.2018,116
843,3,sprawdzian,26.10.2018,118
844,6,praca domowa,30.03.2018,132
845,6,aktywność,11.05.2018,145
846,1,test,31.10.2018,184
847,6,aktywność,15.10.2018,110
848,1,test,15.04.2018,106
849,4,praca dodatkowa,07.07.2018,141
850,3,kartkówka,24.09.2018,166
851,2,test,31.12.2017,113
852,4,aktywność,03.06.2018,130
853,4,test,02.08.2018,96
854,1,praca domowa,28.12.2017,30
855,6,praca dodatkowa,21.07.2018,54
856,4,aktywność,03.03.2018,161
857,2,kartkówka,06.06.2018,170
858,6,aktywność,06.01.2018,144
859,3,praca dodatkowa,02.03.2018,86
860,4,praca domowa,13.01.2018,44
861,1,praca dodatkowa,11.07.2018,17
862,1,sprawdzian,26.05.2018,27
863,5,aktywność,19.04.2018,104
864,3,test,01.07.2018,11
865,4,test,11.10.2018,18
866,2,aktywność,28.04.2018,67
867,6,sprawdzian,19.10.2018,160
868,1,test,15.05.2018,79
869,5,praca domowa,15.03.2018,16
870,5,sprawdzian,12.03.2018,65
871,4,sprawdzian,24.12.2017,41
872,6,praca dodatkowa,06.04.2018,79
873,1,praca domowa,16.01.2018,13
874,4,sprawdzian,15.02.2018,48
875,5,praca dodatkowa,12.01.2018,189
876,6,sprawdzian,22.10.2018,163
877,2,praca dodatkowa,14.08.2018,7
878,4,praca dodatkowa,27.05.2018,61
879,1,sprawdzian,04.07.2018,49
880,2,test,29.06.2018,10
881,3,sprawdzian,14.02.2018,190
882,6,aktywność,17.04.2018,106
883,3,praca dodatkowa,20.03.2018,98
884,1,kartkówka,21.07.2018,107
885,3,praca dodatkowa,09.08.2018,98
886,4,praca dodatkowa,22.12.2017,11
887,6,aktywność,07.05.2018,197
888,4,sprawdzian,13.10.2018,7
889,1,praca domowa,01.02.2018,53
890,1,sprawdzian,12.10.2018,53
891,5,praca dodatkowa,23.12.2017,191
892,6,praca dodatkowa,30.03.2018,49
893,3,kartkówka,27.03.2018,159
894,1,aktywność,07.04.2018,158
895,5,test,19.02.2018,191
896,5,kartkówka,15.03.2018,28
897,5,aktywność,28.12.2017,77
898,4,aktywność,19.09.2018,147
899,1,aktywność,03.05.2018,11
900,4,test,15.08.2018,186
901,5,aktywność,10.10.2018,98
902,6,test,19.06.2018,8
903,1,praca dodatkowa,28.09.2018,147
904,3,kartkówka,27.07.2018,66
905,6,test,05.04.2018,51
906,3,kartkówka,04.02.2018,147
907,3,kartkówka,19.02.2018,97
908,2,praca dodatkowa,27.04.2018,123
909,3,test,05.01.2018,52
910,6,praca dodatkowa,19.05.2018,150
911,1,aktywność,04.10.2018,190
912,3,kartkówka,15.07.2018,71
913,2,kartkówka,14.07.2018,43
914,6,praca dodatkowa,08.04.2018,72
915,6,test,05.04.2018,95
916,4,aktywność,22.09.2018,168
917,2,praca dodatkowa,10.07.2018,43
918,4,aktywność,13.08.2018,97
919,5,aktywność,08.03.2018,116
920,2,test,03.08.2018,188
921,6,praca domowa,25.09.2018,127
922,6,sprawdzian,16.03.2018,30
923,3,sprawdzian,17.06.2018,143
924,1,aktywność,06.03.2018,36
925,2,test,31.01.2018,86
926,6,praca domowa,06.09.2018,106
927,2,praca domowa,09.07.2018,124
928,3,aktywność,27.12.2017,171
929,1,aktywność,03.04.2018,141
930,6,sprawdzian,25.07.2018,157
931,6,test,03.08.2018,117
932,4,test,06.04.2018,99
933,2,aktywność,12.08.2018,164
934,6,kartkówka,13.08.2018,113
935,3,kartkówka,15.01.2018,76
936,2,sprawdzian,14.06.2018,164
937,6,aktywność,05.05.2018,122
938,6,praca dodatkowa,01.03.2018,96
939,1,test,23.05.2018,162
940,3,aktywność,14.05.2018,89
941,4,kartkówka,28.02.2018,157
942,5,aktywność,23.08.2018,99
943,5,test,06.03.2018,65
944,5,praca dodatkowa,19.04.2018,157
945,1,praca domowa,06.09.2018,44
946,5,sprawdzian,28.04.2018,63
947,4,kartkówka,10.03.2018,23
948,2,praca dodatkowa,11.04.2018,52
949,4,aktywność,15.06.2018,67
950,1,kartkówka,12.02.2018,90
951,1,praca domowa,20.02.2018,178
952,1,aktywność,25.01.2018,95
953,2,kartkówka,29.12.2017,109
954,2,aktywność,07.08.2018,40
955,4,sprawdzian,27.04.2018,59
956,1,sprawdzian,04.09.2018,104
957,3,kartkówka,25.04.2018,114
958,3,praca domowa,06.07.2018,3
959,2,kartkówka,03.10.2018,124
960,2,aktywność,06.01.2018,90
961,4,kartkówka,12.04.2018,126
962,3,sprawdzian,26.04.2018,123
963,5,praca domowa,10.01.2018,198
964,1,kartkówka,19.09.2018,129
965,2,sprawdzian,30.09.2018,125
966,5,praca domowa,01.10.2018,21
967,6,sprawdzian,02.08.2018,132
968,5,praca dodatkowa,25.12.2017,20
969,5,praca dodatkowa,08.07.2018,139
970,2,kartkówka,01.06.2018,26
971,4,praca dodatkowa,28.01.2018,8
972,5,praca domowa,05.03.2018,62
973,3,praca domowa,08.03.2018,39
974,5,sprawdzian,17.04.2018,184
975,5,aktywność,27.02.2018,145
976,4,test,19.10.2018,183
977,6,kartkówka,15.02.2018,110
978,5,kartkówka,25.03.2018,95
979,4,test,07.10.2018,116
980,3,praca dodatkowa,13.10.2018,65
981,3,praca dodatkowa,28.03.2018,158
982,5,aktywność,12.06.2018,196
983,4,aktywność,09.09.2018,97
984,1,praca dodatkowa,21.07.2018,90
985,6,praca domowa,27.09.2018,149
986,2,kartkówka,31.12.2017,85
987,3,aktywność,21.02.2018,43
988,2,kartkówka,09.10.2018,161
989,6,test,05.04.2018,22
990,3,aktywność,07.10.2018,129
991,1,aktywność,20.01.2018,102
992,6,praca dodatkowa,21.12.2017,62
993,6,sprawdzian,04.04.2018,132
994,5,praca domowa,20.06.2018,186
995,6,praca domowa,20.02.2018,94
996,3,praca dodatkowa,10.01.2018,58
997,3,praca domowa,04.06.2018,52
998,4,praca dodatkowa,27.03.2018,108
999,6,praca dodatkowa,11.10.2018,162
1000,4,praca dodatkowa,10.05.2018,57
1001,2,sprawdzian,04.05.2018,14
1002,2,praca domowa,15.09.2018,24
1003,3,praca domowa,07.04.2018,27
1004,4,praca dodatkowa,03.03.2018,23
1005,4,kartkówka,15.04.2018,115
1006,3,praca dodatkowa,11.03.2018,113
1007,6,praca domowa,12.10.2018,135
1008,3,kartkówka,04.01.2018,4
1009,3,aktywność,16.12.2017,11
1010,6,praca dodatkowa,06.10.2018,10
1011,4,praca domowa,11.09.2018,185
1012,4,sprawdzian,02.02.2018,168
1013,5,test,06.07.2018,79
1014,4,praca dodatkowa,21.02.2018,143
1015,4,praca dodatkowa,10.05.2018,160
1016,6,sprawdzian,21.08.2018,98
1017,3,praca dodatkowa,18.03.2018,76
1018,6,sprawdzian,11.09.2018,191
1019,5,test,20.01.2018,107
1020,2,test,22.06.2018,148
1021,5,praca dodatkowa,25.04.2018,63
1022,6,sprawdzian,24.10.2018,89
1023,4,praca dodatkowa,23.01.2018,107
1024,4,sprawdzian,16.10.2018,188
1025,5,kartkówka,13.09.2018,143
1026,6,praca dodatkowa,31.05.2018,138
1027,1,praca domowa,12.03.2018,175
1028,5,praca dodatkowa,20.05.2018,27
1029,3,test,06.01.2018,134
1030,1,praca domowa,01.04.2018,148
1031,2,praca domowa,08.07.2018,198
1032,1,sprawdzian,28.07.2018,57
1033,5,praca dodatkowa,05.09.2018,49
1034,6,praca dodatkowa,08.02.2018,186
1035,6,sprawdzian,28.09.2018,119
1036,1,sprawdzian,26.01.2018,20
1037,3,aktywność,16.07.2018,54
1038,1,praca domowa,12.04.2018,175
1039,3,test,28.01.2018,112
1040,2,test,10.01.2018,92
1041,6,kartkówka,08.04.2018,106
1042,2,praca dodatkowa,11.04.2018,45
1043,4,praca dodatkowa,17.05.2018,38
1044,5,praca domowa,20.07.2018,59
1045,1,sprawdzian,08.10.2018,90
1046,5,kartkówka,31.01.2018,61
1047,6,praca dodatkowa,08.01.2018,71
1048,2,sprawdzian,24.03.2018,12
1049,5,praca domowa,22.09.2018,194
1050,4,praca domowa,16.12.2017,52
1051,4,sprawdzian,16.12.2017,19
1052,1,praca dodatkowa,27.01.2018,55
1053,1,kartkówka,19.08.2018,147
1054,2,sprawdzian,27.05.2018,30
1055,6,kartkówka,27.05.2018,20
1056,6,praca domowa,21.02.2018,33
1057,6,praca dodatkowa,28.08.2018,180
1058,3,sprawdzian,13.04.2018,99
1059,3,praca domowa,02.05.2018,160
1060,4,sprawdzian,06.01.2018,92
1061,6,test,18.10.2018,176
1062,2,sprawdzian,01.10.2018,46
1063,4,sprawdzian,28.12.2017,58
1064,1,praca domowa,08.08.2018,63
1065,3,praca domowa,08.03.2018,29
1066,1,praca dodatkowa,22.03.2018,196
1067,4,aktywność,06.04.2018,10
1068,1,aktywność,25.09.2018,10
1069,1,aktywność,18.07.2018,179
1070,2,praca dodatkowa,24.10.2018,145
1071,2,praca domowa,10.10.2018,164
1072,6,sprawdzian,26.02.2018,75
1073,5,praca domowa,30.04.2018,85
1074,3,aktywność,08.02.2018,12
1075,3,sprawdzian,19.07.2018,64
1076,2,aktywność,23.03.2018,72
1077,2,praca dodatkowa,15.02.2018,185
1078,6,kartkówka,25.09.2018,4
1079,2,praca domowa,31.10.2018,36
1080,4,kartkówka,20.08.2018,36
1081,6,sprawdzian,14.07.2018,58
1082,4,kartkówka,11.04.2018,165
1083,2,test,19.07.2018,7
1084,4,test,08.09.2018,37
1085,5,kartkówka,19.07.2018,192
1086,5,test,10.03.2018,195
1087,6,test,16.02.2018,107
1088,3,praca domowa,14.07.2018,62
1089,3,aktywność,09.10.2018,192
1090,5,sprawdzian,03.02.2018,10
1091,3,praca domowa,13.08.2018,104
1092,5,aktywność,24.06.2018,57
1093,2,sprawdzian,01.06.2018,184
1094,4,kartkówka,02.02.2018,3
1095,4,test,12.04.2018,91
1096,1,test,20.08.2018,39
1097,2,sprawdzian,19.09.2018,63
1098,6,praca domowa,22.09.2018,194
1099,5,aktywność,17.02.2018,71
1100,3,aktywność,29.07.2018,95
1101,3,praca dodatkowa,25.03.2018,57
1102,3,kartkówka,21.08.2018,168
1103,3,aktywność,26.07.2018,94
1104,4,aktywność,22.03.2018,112
1105,6,praca dodatkowa,22.12.2017,191
1106,4,test,11.09.2018,70
1107,3,praca domowa,18.09.2018,196
1108,3,praca dodatkowa,06.02.2018,28
1109,4,test,29.08.2018,156
1110,3,praca dodatkowa,07.06.2018,25
1111,2,kartkówka,21.01.2018,100
1112,1,kartkówka,30.03.2018,122
1113,1,praca dodatkowa,12.10.2018,13
1114,3,kartkówka,05.01.2018,188
1115,6,praca dodatkowa,29.04.2018,163
1116,5,kartkówka,16.05.2018,84
1117,2,praca dodatkowa,03.08.2018,170
1118,6,kartkówka,26.09.2018,47
1119,6,praca dodatkowa,17.09.2018,189
1120,2,sprawdzian,17.02.2018,195
1121,5,test,24.07.2018,63
1122,3,test,06.10.2018,170
1123,5,sprawdzian,02.06.2018,114
1124,1,aktywność,18.03.2018,67
1125,2,praca dodatkowa,20.07.2018,6
1126,5,test,06.02.2018,143
1127,5,kartkówka,21.03.2018,49
1128,4,aktywność,27.09.2018,172
1129,4,sprawdzian,31.10.2018,173
1130,1,praca dodatkowa,16.05.2018,27
1131,4,aktywność,07.04.2018,156
1132,5,praca domowa,18.01.2018,171
1133,3,praca dodatkowa,19.06.2018,173
1134,5,kartkówka,18.10.2018,145
1135,6,kartkówka,21.05.2018,150
1136,6,aktywność,27.01.2018,172
1137,1,praca dodatkowa,21.06.2018,88
1138,2,praca domowa,31.07.2018,163
1139,2,praca domowa,08.03.2018,119
1140,1,test,05.06.2018,112
1141,3,aktywność,30.04.2018,180
1142,3,kartkówka,17.04.2018,125
1143,4,praca dodatkowa,03.05.2018,195
1144,5,kartkówka,07.08.2018,172
1145,4,praca dodatkowa,20.04.2018,92
1146,6,kartkówka,22.03.2018,189
1147,3,praca domowa,27.09.2018,152
1148,2,sprawdzian,30.12.2017,7
1149,5,aktywność,06.09.2018,90
1150,1,sprawdzian,26.08.2018,88
1151,4,test,28.02.2018,170
1152,2,sprawdzian,01.04.2018,148
1153,2,praca domowa,06.08.2018,95
1154,5,test,17.07.2018,14
1155,1,aktywność,11.08.2018,130
1156,2,sprawdzian,21.03.2018,38
1157,5,praca dodatkowa,14.06.2018,191
1158,6,sprawdzian,12.10.2018,121
1159,3,sprawdzian,14.02.2018,49
1160,2,sprawdzian,31.05.2018,36
1161,4,aktywność,06.02.2018,52
1162,6,test,03.03.2018,100
1163,4,test,28.07.2018,103
1164,3,praca domowa,29.03.2018,50
1165,6,praca dodatkowa,20.06.2018,178
1166,3,aktywność,07.06.2018,47
1167,3,praca domowa,15.08.2018,2
1168,1,praca domowa,06.06.2018,27
1169,4,kartkówka,27.09.2018,1
1170,3,sprawdzian,11.10.2018,66
1171,5,praca domowa,22.06.2018,36
1172,3,praca domowa,22.09.2018,182
1173,2,sprawdzian,18.03.2018,59
1174,6,aktywność,29.10.2018,59
1175,4,test,07.04.2018,90
1176,1,kartkówka,09.06.2018,160
1177,2,kartkówka,19.05.2018,91
1178,3,test,19.04.2018,129
1179,2,kartkówka,01.02.2018,8
1180,1,sprawdzian,20.10.2018,92
1181,5,aktywność,20.05.2018,148
1182,6,praca dodatkowa,19.03.2018,128
1183,2,praca domowa,19.06.2018,53
1184,4,kartkówka,29.01.2018,165
1185,5,kartkówka,06.03.2018,124
1186,2,test,15.06.2018,120
1187,1,kartkówka,13.06.2018,181
1188,4,test,30.03.2018,1
1189,6,praca dodatkowa,04.06.2018,39
1190,1,praca dodatkowa,29.05.2018,106
1191,3,aktywność,02.05.2018,176
1192,4,praca domowa,18.12.2017,103
1193,1,sprawdzian,16.02.2018,162
1194,6,praca dodatkowa,20.10.2018,28
1195,2,kartkówka,21.08.2018,24
1196,6,test,05.06.2018,140
1197,4,aktywność,13.03.2018,170
1198,6,praca dodatkowa,15.06.2018,107
1199,4,praca dodatkowa,14.09.2018,100
1200,1,test,17.02.2018,81
1201,2,sprawdzian,21.12.2017,131
1202,2,sprawdzian,16.08.2018,160
1203,4,praca dodatkowa,01.08.2018,17
1204,5,praca domowa,30.12.2017,147
1205,5,sprawdzian,02.06.2018,189
1206,2,praca dodatkowa,25.09.2018,146
1207,4,praca domowa,23.07.2018,99
1208,2,sprawdzian,01.09.2018,155
1209,4,praca domowa,21.10.2018,86
1210,3,kartkówka,15.07.2018,60
1211,6,aktywność,07.05.2018,185
1212,3,aktywność,16.04.2018,130
1213,3,aktywność,06.09.2018,109
1214,4,test,05.09.2018,135
1215,6,kartkówka,30.01.2018,98
1216,4,praca dodatkowa,21.10.2018,135
1217,2,kartkówka,26.10.2018,172
1218,3,sprawdzian,11.10.2018,14
1219,4,praca dodatkowa,29.07.2018,69
1220,3,sprawdzian,12.01.2018,10
1221,2,praca domowa,11.10.2018,39
1222,6,test,15.03.2018,73
1223,4,praca dodatkowa,11.06.2018,167
1224,4,test,29.08.2018,192
1225,6,test,08.06.2018,115
1226,2,praca dodatkowa,21.07.2018,67
1227,6,praca dodatkowa,27.05.2018,192
1228,4,test,09.08.2018,22
1229,5,sprawdzian,21.05.2018,151
1230,4,test,11.02.2018,162
1231,1,test,26.09.2018,139
1232,2,sprawdzian,26.03.2018,16
1233,3,praca dodatkowa,01.01.2018,179
1234,4,test,24.06.2018,186
1235,4,praca dodatkowa,21.12.2017,161
1236,1,aktywność,23.05.2018,56
1237,6,kartkówka,26.01.2018,131
1238,3,sprawdzian,14.06.2018,35
1239,2,test,29.01.2018,127
1240,2,kartkówka,06.06.2018,137
1241,1,test,31.12.2017,102
1242,4,aktywność,07.06.2018,8
1243,5,praca domowa,05.09.2018,169
1244,2,praca dodatkowa,13.03.2018,148
1245,2,aktywność,24.12.2017,110
1246,4,test,16.10.2018,55
1247,1,kartkówka,17.03.2018,171
1248,6,sprawdzian,13.04.2018,115
1249,6,aktywność,08.05.2018,122
1250,5,aktywność,14.07.2018,129
1251,2,praca dodatkowa,11.08.2018,72
1252,2,aktywność,10.09.2018,35
1253,4,praca domowa,20.04.2018,109
1254,1,sprawdzian,08.02.2018,57
1255,4,kartkówka,17.05.2018,87
1256,2,praca dodatkowa,19.09.2018,103
1257,3,sprawdzian,13.05.2018,56
1258,1,praca dodatkowa,05.01.2018,1
1259,1,praca domowa,06.07.2018,157
1260,5,praca domowa,23.02.2018,107
1261,6,aktywność,07.05.2018,28
1262,6,praca domowa,06.05.2018,12
1263,6,test,17.08.2018,172
1264,2,praca domowa,29.03.2018,19
1265,5,kartkówka,11.06.2018,164
1266,5,aktywność,26.02.2018,104
1267,2,praca dodatkowa,15.09.2018,28
1268,2,kartkówka,26.10.2018,128
1269,1,praca dodatkowa,17.08.2018,79
1270,2,test,22.07.2018,109
1271,6,test,12.05.2018,49
1272,6,aktywność,04.04.2018,181
1273,5,praca domowa,09.02.2018,141
1274,6,test,18.08.2018,3
1275,1,praca domowa,30.12.2017,37
1276,2,aktywność,10.04.2018,95
1277,5,aktywność,17.03.2018,81
1278,5,praca dodatkowa,02.05.2018,121
1279,3,sprawdzian,28.03.2018,107
1280,6,sprawdzian,25.04.2018,68
1281,4,aktywność,01.05.2018,161
1282,2,praca domowa,02.02.2018,113
1283,1,praca dodatkowa,17.02.2018,10
1284,1,sprawdzian,06.10.2018,33
1285,5,praca domowa,25.09.2018,119
1286,4,kartkówka,08.05.2018,168
1287,6,kartkówka,28.04.2018,102
1288,3,aktywność,26.10.2018,93
1289,1,sprawdzian,07.10.2018,15
1290,2,sprawdzian,09.01.2018,109
1291,3,kartkówka,19.05.2018,69
1292,1,sprawdzian,23.04.2018,195
1293,6,sprawdzian,20.05.2018,147
1294,5,test,09.02.2018,147
1295,4,test,21.04.2018,78
1296,5,kartkówka,11.07.2018,61
1297,3,kartkówka,17.10.2018,73
1298,3,aktywność,20.05.2018,52
1299,4,sprawdzian,05.10.2018,15
1300,1,praca domowa,29.01.2018,129
1301,1,sprawdzian,14.02.2018,193
1302,2,praca domowa,21.06.2018,190
1303,4,praca domowa,25.02.2018,52
1304,4,kartkówka,05.08.2018,92
1305,5,sprawdzian,17.10.2018,85
1306,3,aktywność,08.08.2018,85
1307,6,praca dodatkowa,22.01.2018,149
1308,1,sprawdzian,19.06.2018,59
1309,4,test,30.05.2018,42
1310,5,praca domowa,12.08.2018,6
1311,3,kartkówka,12.07.2018,160
1312,2,praca domowa,12.10.2018,20
1313,3,praca domowa,24.03.2018,74
1314,1,sprawdzian,31.08.2018,42
1315,1,kartkówka,05.06.2018,133
1316,5,sprawdzian,17.10.2018,105
1317,1,test,07.01.2018,100
1318,3,aktywność,07.10.2018,73
1319,1,praca dodatkowa,23.02.2018,101
1320,5,aktywność,25.02.2018,141
1321,6,test,31.12.2017,96
1322,4,test,07.04.2018,86
1323,2,praca dodatkowa,28.02.2018,64
1324,5,praca dodatkowa,27.05.2018,37
1325,5,sprawdzian,02.03.2018,118
1326,3,sprawdzian,29.07.2018,189
1327,6,praca domowa,25.09.2018,47
1328,1,sprawdzian,28.12.2017,92
1329,3,praca domowa,15.06.2018,119
1330,2,praca dodatkowa,19.06.2018,119
1331,3,praca domowa,31.01.2018,52
1332,3,praca domowa,28.04.2018,65
1333,2,sprawdzian,16.03.2018,119
1334,5,test,28.04.2018,114
1335,1,praca domowa,26.07.2018,158
1336,1,praca domowa,15.03.2018,178
1337,2,kartkówka,06.04.2018,13
1338,5,praca domowa,28.05.2018,92
1339,6,praca dodatkowa,29.09.2018,115
1340,5,test,28.06.2018,56
1341,1,test,01.05.2018,166
1342,4,kartkówka,23.03.2018,154
1343,1,praca dodatkowa,12.02.2018,1
1344,3,praca domowa,31.12.2017,5
1345,5,praca domowa,17.01.2018,50
1346,5,test,25.12.2017,110
1347,6,praca dodatkowa,18.12.2017,6
1348,4,test,26.06.2018,32
1349,4,praca dodatkowa,03.02.2018,37
1350,1,kartkówka,14.10.2018,39
1351,1,sprawdzian,23.03.2018,6
1352,6,test,05.08.2018,82
1353,4,praca dodatkowa,14.06.2018,80
1354,1,praca dodatkowa,28.03.2018,24
1355,6,praca domowa,15.05.2018,187
1356,6,sprawdzian,16.05.2018,70
1357,1,sprawdzian,14.04.2018,161
1358,1,test,23.05.2018,58
1359,3,praca dodatkowa,25.02.2018,80
1360,2,aktywność,26.10.2018,44
1361,4,aktywność,04.01.2018,68
1362,2,sprawdzian,02.04.2018,55
1363,1,praca dodatkowa,11.02.2018,183
1364,2,kartkówka,31.05.2018,173
1365,2,test,16.03.2018,97
1366,4,kartkówka,03.02.2018,5
1367,3,kartkówka,29.06.2018,168
1368,3,praca dodatkowa,08.10.2018,34
1369,6,test,26.04.2018,1
1370,6,aktywność,18.05.2018,66
1371,3,kartkówka,20.06.2018,9
1372,1,praca dodatkowa,31.05.2018,2
1373,5,aktywność,03.08.2018,170
1374,1,praca dodatkowa,21.01.2018,75
1375,5,sprawdzian,08.10.2018,165
1376,4,aktywność,02.04.2018,187
1377,4,aktywność,20.09.2018,193
1378,3,kartkówka,19.01.2018,69
1379,5,test,18.07.2018,125
1380,4,sprawdzian,14.08.2018,121
1381,3,praca domowa,20.01.2018,28
1382,4,praca domowa,10.10.2018,86
1383,4,test,02.05.2018,142
1384,2,kartkówka,07.08.2018,168
1385,4,praca domowa,06.10.2018,141
1386,4,praca dodatkowa,16.05.2018,7
1387,6,praca domowa,28.10.2018,138
1388,6,aktywność,12.06.2018,190
1389,6,praca dodatkowa,19.08.2018,58
1390,5,kartkówka,15.03.2018,74
1391,5,kartkówka,18.10.2018,18
1392,1,sprawdzian,06.04.2018,43
1393,3,praca domowa,07.07.2018,149
1394,6,aktywność,12.03.2018,194
1395,1,kartkówka,30.01.2018,66
1396,2,praca dodatkowa,10.03.2018,68
1397,3,praca domowa,16.04.2018,35
1398,4,kartkówka,26.07.2018,51
1399,2,aktywność,21.12.2017,187
1400,3,kartkówka,28.03.2018,5
1401,4,test,23.09.2018,189
1402,3,sprawdzian,25.03.2018,132
1403,1,aktywność,14.09.2018,113
1404,5,aktywność,13.09.2018,189
1405,6,aktywność,29.12.2017,113
1406,4,kartkówka,31.07.2018,8
1407,1,kartkówka,02.09.2018,124
1408,4,praca dodatkowa,18.10.2018,117
1409,3,aktywność,15.04.2018,160
1410,1,aktywność,11.04.2018,120
1411,6,sprawdzian,13.08.2018,74
1412,5,aktywność,19.06.2018,140
1413,1,aktywność,17.12.2017,170
1414,1,praca dodatkowa,24.07.2018,175
1415,1,praca domowa,19.04.2018,34
1416,3,aktywność,19.09.2018,116
1417,1,aktywność,01.02.2018,137
1418,5,praca domowa,16.05.2018,16
1419,5,praca dodatkowa,19.01.2018,4
1420,3,praca domowa,26.07.2018,18
1421,2,kartkówka,18.04.2018,97
1422,3,aktywność,17.06.2018,199
1423,4,aktywność,17.01.2018,45
1424,1,aktywność,07.03.2018,67
1425,6,praca domowa,17.09.2018,104
1426,2,aktywność,08.05.2018,165
1427,3,kartkówka,21.08.2018,39
1428,5,kartkówka,12.10.2018,72
1429,2,sprawdzian,20.03.2018,75
1430,4,test,18.08.2018,111
1431,5,praca domowa,08.02.2018,3
1432,4,praca dodatkowa,20.08.2018,64
1433,3,praca domowa,27.12.2017,166
1434,4,sprawdzian,21.02.2018,13
1435,6,praca domowa,05.08.2018,146
1436,6,praca domowa,18.07.2018,10
1437,2,praca domowa,26.03.2018,51
1438,2,sprawdzian,21.08.2018,196
1439,4,praca domowa,10.08.2018,10
1440,3,kartkówka,17.04.2018,189
1441,1,aktywność,20.10.2018,199
1442,6,praca domowa,10.03.2018,175
1443,5,praca dodatkowa,20.09.2018,135
1444,2,sprawdzian,19.12.2017,6
1445,1,aktywność,17.04.2018,110
1446,3,kartkówka,22.05.2018,91
1447,4,praca domowa,20.06.2018,96
1448,5,aktywność,07.01.2018,143
1449,5,kartkówka,17.01.2018,9
1450,6,aktywność,17.05.2018,142
1451,5,aktywność,12.07.2018,100
1452,5,praca dodatkowa,11.06.2018,97
1453,3,aktywność,03.01.2018,8
1454,5,praca domowa,06.08.2018,179
1455,3,aktywność,18.06.2018,66
1456,5,kartkówka,27.04.2018,1
1457,4,kartkówka,08.03.2018,22
1458,2,sprawdzian,22.07.2018,112
1459,4,sprawdzian,29.09.2018,2
1460,3,praca dodatkowa,29.09.2018,148
1461,6,sprawdzian,03.07.2018,97
1462,5,aktywność,01.08.2018,19
1463,5,praca domowa,01.08.2018,70
1464,4,praca dodatkowa,25.05.2018,40
1465,6,kartkówka,03.02.2018,92
1466,5,kartkówka,30.04.2018,121
1467,2,praca dodatkowa,25.05.2018,105
1468,1,aktywność,09.06.2018,125
1469,4,kartkówka,27.10.2018,88
1470,4,kartkówka,31.10.2018,158
1471,1,praca dodatkowa,04.07.2018,117
1472,5,praca domowa,19.12.2017,103
1473,3,test,20.12.2017,102
1474,6,test,27.08.2018,148
1475,3,aktywność,09.03.2018,21
1476,4,praca dodatkowa,21.08.2018,70
1477,2,kartkówka,30.04.2018,151
1478,1,praca domowa,19.07.2018,91
1479,5,praca domowa,17.02.2018,192
1480,5,praca domowa,11.06.2018,173
1481,1,praca dodatkowa,22.01.2018,30
1482,2,aktywność,06.07.2018,73
1483,5,aktywność,17.12.2017,167
1484,1,kartkówka,25.01.2018,63
1485,6,sprawdzian,04.08.2018,90
1486,3,aktywność,30.08.2018,16
1487,4,praca dodatkowa,23.06.2018,154
1488,3,praca dodatkowa,05.09.2018,101
1489,2,kartkówka,05.03.2018,75
1490,6,aktywność,28.02.2018,17
1491,3,praca domowa,18.04.2018,40
1492,4,test,13.04.2018,126
1493,1,test,12.09.2018,137
1494,1,test,07.10.2018,74
1495,1,aktywność,14.03.2018,97
1496,5,test,25.08.2018,80
1497,1,praca dodatkowa,12.03.2018,116
1498,3,aktywność,01.04.2018,76
1499,3,praca domowa,31.08.2018,12
1500,5,aktywność,02.10.2018,168
1501,1,praca domowa,16.05.2018,85
1502,2,aktywność,07.09.2018,199
1503,4,praca domowa,07.05.2018,90
1504,2,praca dodatkowa,27.02.2018,85
1505,1,praca domowa,18.07.2018,87
1506,2,test,07.09.2018,9
1507,5,aktywność,13.06.2018,42
1508,3,sprawdzian,11.05.2018,130
1509,6,test,08.06.2018,64
1510,4,kartkówka,03.05.2018,54
1511,5,praca dodatkowa,18.07.2018,150
1512,2,aktywność,04.05.2018,79
1513,1,sprawdzian,20.10.2018,32
1514,3,sprawdzian,23.03.2018,184
1515,6,sprawdzian,28.09.2018,15
1516,6,aktywność,25.08.2018,159
1517,5,sprawdzian,16.04.2018,196
1518,1,praca domowa,02.05.2018,144
1519,1,kartkówka,02.03.2018,97
1520,6,praca dodatkowa,01.01.2018,180
1521,5,praca dodatkowa,29.08.2018,93
1522,5,praca dodatkowa,17.03.2018,91
1523,2,test,10.05.2018,24
1524,5,sprawdzian,28.04.2018,89
1525,1,test,09.08.2018,63
1526,2,sprawdzian,29.10.2018,140
1527,3,sprawdzian,27.02.2018,180
1528,6,praca domowa,20.04.2018,65
1529,5,sprawdzian,13.05.2018,108
1530,6,test,23.02.2018,199
1531,1,kartkówka,16.08.2018,34
1532,4,sprawdzian,27.04.2018,52
1533,1,aktywność,13.06.2018,102
1534,5,praca domowa,13.08.2018,163
1535,4,praca dodatkowa,16.05.2018,45
1536,6,aktywność,03.06.2018,27
1537,5,test,27.10.2018,121
1538,5,aktywność,31.10.2018,21
1539,3,aktywność,01.08.2018,148
1540,6,test,04.01.2018,91
1541,1,praca dodatkowa,11.10.2018,145
1542,4,praca domowa,22.03.2018,130
1543,1,kartkówka,21.09.2018,88
1544,2,praca dodatkowa,30.07.2018,8
1545,1,sprawdzian,12.10.2018,19
1546,4,sprawdzian,17.02.2018,81
1547,2,test,20.04.2018,148
1548,5,sprawdzian,10.09.2018,33
1549,3,kartkówka,27.07.2018,170
1550,2,kartkówka,22.06.2018,8
1551,6,praca domowa,02.06.2018,88
1552,4,aktywność,11.08.2018,87
1553,4,praca dodatkowa,21.06.2018,138
1554,1,aktywność,22.01.2018,49
1555,1,test,16.06.2018,10
1556,4,aktywność,02.09.2018,119
1557,2,praca domowa,16.07.2018,192
1558,6,sprawdzian,02.06.2018,75
1559,1,kartkówka,19.02.2018,39
1560,6,kartkówka,16.01.2018,148
1561,3,aktywność,14.03.2018,103
1562,1,praca domowa,06.08.2018,187
1563,2,kartkówka,20.09.2018,145
1564,5,test,22.10.2018,75
1565,2,sprawdzian,05.08.2018,48
1566,4,sprawdzian,02.01.2018,135
1567,2,kartkówka,11.01.2018,187
1568,4,kartkówka,07.07.2018,44
1569,1,kartkówka,08.05.2018,190
1570,6,praca domowa,03.09.2018,59
1571,5,praca dodatkowa,22.02.2018,69
1572,1,aktywność,07.07.2018,17
1573,6,test,24.01.2018,70
1574,6,praca domowa,22.03.2018,67
1575,4,kartkówka,02.02.2018,49
1576,1,aktywność,15.04.2018,166
1577,6,sprawdzian,08.09.2018,181
1578,4,praca dodatkowa,28.04.2018,36
1579,3,praca domowa,02.08.2018,87
1580,6,sprawdzian,03.10.2018,27
1581,4,praca dodatkowa,13.10.2018,75
1582,2,test,09.02.2018,32
1583,6,test,30.08.2018,71
1584,3,praca domowa,10.07.2018,84
1585,4,aktywność,15.03.2018,126
1586,5,praca dodatkowa,15.06.2018,150
1587,4,sprawdzian,17.12.2017,166
1588,6,test,24.04.2018,164
1589,5,praca dodatkowa,16.09.2018,105
1590,1,praca dodatkowa,02.02.2018,160
1591,1,sprawdzian,21.10.2018,73
1592,1,sprawdzian,21.12.2017,78
1593,5,praca domowa,23.05.2018,196
1594,6,kartkówka,22.08.2018,156
1595,2,aktywność,28.04.2018,39
1596,3,praca dodatkowa,05.07.2018,111
1597,1,test,03.04.2018,92
1598,2,praca dodatkowa,18.01.2018,31
1599,2,kartkówka,08.10.2018,182
1600,4,test,07.01.2018,131
1601,3,praca dodatkowa,27.09.2018,68
1602,6,praca dodatkowa,04.02.2018,76
1603,5,sprawdzian,07.08.2018,111
1604,1,kartkówka,17.05.2018,177
1605,5,aktywność,06.01.2018,142
1606,1,test,10.01.2018,56
1607,1,sprawdzian,06.03.2018,146
1608,6,praca dodatkowa,06.10.2018,185
1609,2,test,12.07.2018,34
1610,1,aktywność,22.04.2018,63
1611,1,sprawdzian,09.03.2018,181
1612,1,praca dodatkowa,04.10.2018,46
1613,4,praca domowa,12.10.2018,152
1614,3,kartkówka,06.02.2018,166
1615,3,praca dodatkowa,24.02.2018,136
1616,3,praca domowa,18.06.2018,107
1617,3,praca domowa,23.01.2018,184
1618,5,test,26.10.2018,161
1619,4,praca dodatkowa,08.08.2018,84
1620,4,praca dodatkowa,16.08.2018,92
1621,6,test,30.10.2018,85
1622,5,praca dodatkowa,15.08.2018,147
1623,5,praca dodatkowa,25.06.2018,44
1624,2,kartkówka,18.12.2017,168
1625,6,praca domowa,08.09.2018,22
1626,2,aktywność,21.08.2018,122
1627,2,kartkówka,18.10.2018,52
1628,4,sprawdzian,28.10.2018,106
1629,3,test,23.05.2018,27
1630,4,kartkówka,07.08.2018,182
1631,4,kartkówka,19.12.2017,173
1632,1,praca dodatkowa,24.03.2018,47
1633,5,test,17.05.2018,104
1634,5,kartkówka,26.02.2018,26
1635,5,test,04.02.2018,50
1636,5,sprawdzian,10.03.2018,70
1637,6,aktywność,07.05.2018,167
1638,1,praca domowa,09.04.2018,27
1639,6,aktywność,28.07.2018,2
1640,6,praca domowa,29.08.2018,93
1641,3,test,27.10.2018,194
1642,6,sprawdzian,25.07.2018,163
1643,3,aktywność,01.04.2018,16
1644,4,test,30.12.2017,17
1645,4,sprawdzian,05.09.2018,69
1646,5,aktywność,24.05.2018,126
1647,5,praca domowa,13.02.2018,110
1648,3,test,24.04.2018,97
1649,3,sprawdzian,13.09.2018,24
1650,1,praca domowa,22.07.2018,81
1651,5,aktywność,03.04.2018,96
1652,4,aktywność,30.01.2018,11
1653,4,praca domowa,24.06.2018,19
1654,1,aktywność,30.03.2018,194
1655,6,praca domowa,24.08.2018,181
1656,3,praca domowa,22.08.2018,7
1657,2,praca domowa,12.09.2018,152
1658,5,sprawdzian,14.03.2018,37
1659,4,test,07.08.2018,6
1660,3,sprawdzian,28.03.2018,197
1661,4,sprawdzian,18.08.2018,103
1662,1,test,14.07.2018,191
1663,3,praca dodatkowa,18.09.2018,94
1664,1,sprawdzian,13.09.2018,105
1665,4,aktywność,07.05.2018,177
1666,2,kartkówka,20.05.2018,66
1667,5,praca dodatkowa,15.07.2018,36
1668,6,test,25.01.2018,103
1669,2,test,25.01.2018,191
1670,5,sprawdzian,13.07.2018,52
1671,1,kartkówka,11.02.2018,4
1672,4,praca domowa,09.10.2018,96
1673,4,test,28.02.2018,123
1674,5,praca dodatkowa,14.01.2018,90
1675,2,test,11.06.2018,29
1676,2,test,10.06.2018,82
1677,3,test,19.03.2018,150
1678,5,kartkówka,30.05.2018,11
1679,1,aktywność,09.06.2018,133
1680,3,kartkówka,23.02.2018,120
1681,1,praca domowa,21.03.2018,109
1682,5,kartkówka,29.01.2018,177
1683,1,sprawdzian,01.01.2018,105
1684,6,test,01.07.2018,17
1685,5,test,02.04.2018,106
1686,5,test,29.04.2018,169
1687,1,praca domowa,24.10.2018,59
1688,3,praca dodatkowa,11.04.2018,142
1689,6,sprawdzian,11.09.2018,131
1690,2,sprawdzian,23.02.2018,98
1691,1,test,01.06.2018,42
1692,2,sprawdzian,23.03.2018,7
1693,4,test,01.01.2018,23
1694,2,test,06.07.2018,98
1695,6,praca dodatkowa,15.09.2018,10
1696,3,aktywność,22.12.2017,60
1697,6,test,07.06.2018,156
1698,5,kartkówka,26.04.2018,85
1699,5,kartkówka,30.03.2018,116
1700,4,kartkówka,23.01.2018,121
1701,4,praca dodatkowa,31.03.2018,158
1702,1,praca dodatkowa,16.05.2018,154
1703,3,sprawdzian,24.06.2018,169
1704,3,sprawdzian,22.09.2018,12
1705,5,kartkówka,20.04.2018,135
1706,2,aktywność,27.02.2018,48
1707,6,praca dodatkowa,09.09.2018,143
1708,2,praca domowa,17.05.2018,169
1709,3,aktywność,05.03.2018,73
1710,4,sprawdzian,11.10.2018,51
1711,1,sprawdzian,07.05.2018,101
1712,4,kartkówka,06.09.2018,133
1713,2,sprawdzian,27.07.2018,156
1714,5,aktywność,12.07.2018,24
1715,1,test,16.09.2018,9
1716,2,praca domowa,16.03.2018,138
1717,1,test,16.12.2017,187
1718,1,test,23.06.2018,23
1719,2,praca dodatkowa,16.08.2018,69
1720,6,aktywność,10.09.2018,182
1721,6,praca dodatkowa,28.02.2018,26
1722,4,aktywność,03.09.2018,94
1723,2,kartkówka,23.10.2018,183
1724,3,kartkówka,25.07.2018,74
1725,5,praca dodatkowa,12.02.2018,78
1726,4,aktywność,29.04.2018,143
1727,5,praca domowa,22.08.2018,117
1728,4,kartkówka,02.08.2018,51
1729,6,kartkówka,03.09.2018,11
1730,2,kartkówka,22.10.2018,171
1731,2,kartkówka,23.07.2018,182
1732,6,praca domowa,24.09.2018,97
1733,1,sprawdzian,29.01.2018,92
1734,1,praca domowa,03.01.2018,26
1735,4,kartkówka,21.08.2018,152
1736,2,praca dodatkowa,21.12.2017,130
1737,6,praca domowa,03.01.2018,179
1738,1,aktywność,20.07.2018,93
1739,3,aktywność,08.05.2018,183
1740,1,test,05.01.2018,118
1741,2,praca dodatkowa,03.10.2018,14
1742,4,aktywność,21.07.2018,127
1743,6,praca domowa,29.06.2018,94
1744,5,test,30.10.2018,50
1745,5,sprawdzian,06.02.2018,19
1746,4,praca dodatkowa,18.08.2018,110
1747,1,praca dodatkowa,12.04.2018,82
1748,4,aktywność,01.01.2018,18
1749,4,aktywność,02.03.2018,71
1750,4,aktywność,19.07.2018,20
1751,3,test,24.01.2018,97
1752,5,test,04.06.2018,120
1753,2,sprawdzian,22.07.2018,38
1754,6,kartkówka,20.12.2017,125
1755,1,praca domowa,19.07.2018,185
1756,3,praca dodatkowa,20.06.2018,106
1757,2,aktywność,27.01.2018,79
1758,3,aktywność,15.06.2018,182
1759,3,sprawdzian,15.10.2018,5
1760,6,praca dodatkowa,07.04.2018,128
1761,1,praca dodatkowa,05.06.2018,184
1762,5,aktywność,12.01.2018,94
1763,6,test,13.02.2018,187
1764,5,praca dodatkowa,24.04.2018,44
1765,4,praca dodatkowa,08.04.2018,186
1766,4,test,17.07.2018,90
1767,2,sprawdzian,06.03.2018,123
1768,1,praca domowa,17.01.2018,146
1769,1,kartkówka,28.06.2018,37
1770,4,test,19.01.2018,96
1771,4,test,18.12.2017,17
1772,2,praca domowa,12.10.2018,69
1773,4,sprawdzian,13.10.2018,73
1774,5,kartkówka,01.01.2018,100
1775,5,kartkówka,15.06.2018,25
1776,6,aktywność,27.03.2018,106
1777,2,praca dodatkowa,28.03.2018,126
1778,1,kartkówka,27.07.2018,33
1779,3,praca domowa,22.01.2018,84
1780,4,praca domowa,31.07.2018,122
1781,2,praca dodatkowa,21.05.2018,52
1782,5,kartkówka,07.06.2018,99
1783,4,praca dodatkowa,19.03.2018,35
1784,3,praca domowa,18.08.2018,86
1785,5,test,25.03.2018,67
1786,2,praca dodatkowa,08.02.2018,138
1787,1,praca domowa,17.12.2017,140
1788,3,sprawdzian,19.05.2018,145
1789,4,test,11.03.2018,67
1790,1,praca dodatkowa,22.12.2017,70
1791,4,sprawdzian,11.06.2018,65
1792,6,test,17.05.2018,192
1793,2,kartkówka,08.07.2018,60
1794,3,test,29.10.2018,154
1795,6,sprawdzian,19.10.2018,47
1796,3,aktywność,02.09.2018,84
1797,4,praca domowa,10.10.2018,172
1798,5,aktywność,07.07.2018,115
1799,2,test,19.02.2018,157
1800,6,praca domowa,19.07.2018,107
1801,3,test,15.02.2018,194
1802,3,praca dodatkowa,17.09.2018,62
1803,2,aktywność,18.04.2018,135
1804,3,aktywność,23.06.2018,142
1805,2,praca domowa,16.09.2018,138
1806,5,sprawdzian,07.07.2018,73
1807,1,praca dodatkowa,11.07.2018,157
1808,1,kartkówka,09.03.2018,185
1809,5,praca domowa,23.10.2018,136
1810,4,test,08.10.2018,125
1811,3,kartkówka,01.03.2018,183
1812,2,praca dodatkowa,10.04.2018,151
1813,3,test,26.09.2018,38
1814,6,aktywność,21.09.2018,181
1815,5,aktywność,03.09.2018,165
1816,5,test,20.10.2018,20
1817,3,kartkówka,18.03.2018,190
1818,1,test,24.10.2018,89
1819,2,aktywność,05.03.2018,50
1820,2,praca domowa,13.05.2018,155
1821,6,aktywność,06.08.2018,3
1822,3,praca dodatkowa,15.06.2018,95
1823,1,aktywność,14.10.2018,64
1824,5,praca dodatkowa,14.09.2018,181
1825,1,kartkówka,05.06.2018,35
1826,3,test,01.04.2018,88
1827,4,aktywność,29.03.2018,192
1828,4,test,23.02.2018,87
1829,5,praca domowa,06.02.2018,137
1830,4,sprawdzian,04.01.2018,197
1831,2,praca domowa,22.03.2018,111
1832,5,praca domowa,12.09.2018,166
1833,3,test,24.10.2018,189
1834,1,sprawdzian,26.03.2018,138
1835,6,praca domowa,21.10.2018,40
1836,1,praca dodatkowa,12.05.2018,53
1837,6,aktywność,12.02.2018,107
1838,5,praca domowa,04.04.2018,89
1839,5,praca dodatkowa,23.06.2018,195
1840,5,praca domowa,25.10.2018,160
1841,6,praca dodatkowa,27.07.2018,30
1842,6,praca domowa,21.03.2018,103
1843,6,praca dodatkowa,18.08.2018,68
1844,6,praca domowa,08.03.2018,132
1845,1,aktywność,12.09.2018,178
1846,5,aktywność,18.07.2018,76
1847,4,aktywność,17.09.2018,47
1848,6,kartkówka,19.04.2018,119
1849,4,kartkówka,13.09.2018,170
1850,2,praca domowa,04.03.2018,158
1851,1,aktywność,28.01.2018,46
1852,3,aktywność,05.03.2018,52
1853,5,aktywność,20.08.2018,20
1854,1,test,25.01.2018,87
1855,6,praca domowa,02.05.2018,133
1856,2,aktywność,03.01.2018,26
1857,2,praca domowa,08.05.2018,48
1858,4,praca domowa,28.09.2018,180
1859,2,aktywność,13.01.2018,22
1860,2,kartkówka,22.05.2018,64
1861,5,praca dodatkowa,13.04.2018,176
1862,4,test,24.04.2018,157
1863,4,sprawdzian,11.06.2018,158
1864,1,kartkówka,23.10.2018,196
1865,6,aktywność,05.02.2018,120
1866,5,kartkówka,28.02.2018,115
1867,1,praca domowa,02.07.2018,40
1868,3,praca dodatkowa,15.01.2018,177
1869,1,sprawdzian,15.09.2018,125
1870,2,kartkówka,27.08.2018,53
1871,1,praca dodatkowa,03.03.2018,119
1872,1,test,27.12.2017,197
1873,6,test,10.01.2018,198
1874,1,kartkówka,08.04.2018,37
1875,2,praca dodatkowa,15.06.2018,75
1876,1,aktywność,24.02.2018,130
1877,6,sprawdzian,23.04.2018,171
1878,3,aktywność,26.12.2017,156
1879,6,praca dodatkowa,27.02.2018,76
1880,4,praca dodatkowa,29.05.2018,171
1881,6,sprawdzian,12.01.2018,140
1882,2,sprawdzian,23.01.2018,27
1883,6,test,29.03.2018,174
1884,6,kartkówka,29.04.2018,43
1885,1,test,18.05.2018,163
1886,2,aktywność,18.01.2018,16
1887,1,praca domowa,16.03.2018,172
1888,3,test,13.04.2018,176
1889,2,aktywność,25.04.2018,65
1890,6,aktywność,15.10.2018,107
1891,5,test,07.09.2018,185
1892,3,sprawdzian,02.02.2018,48
1893,2,praca dodatkowa,09.04.2018,159
1894,1,sprawdzian,11.08.2018,14
1895,3,praca domowa,25.01.2018,10
1896,5,aktywność,23.09.2018,17
1897,6,praca domowa,22.10.2018,116
1898,1,praca domowa,21.05.2018,40
1899,1,kartkówka,08.06.2018,153
1900,2,test,26.01.2018,32
1901,1,kartkówka,17.08.2018,21
1902,3,praca domowa,27.05.2018,162
1903,4,sprawdzian,25.04.2018,55
1904,6,test,28.02.2018,9
1905,2,praca dodatkowa,12.08.2018,65
1906,6,aktywność,17.10.2018,185
1907,4,praca domowa,29.06.2018,184
1908,6,sprawdzian,04.09.2018,182
1909,2,sprawdzian,12.01.2018,193
1910,5,kartkówka,24.02.2018,5
1911,4,aktywność,03.09.2018,70
1912,4,aktywność,17.07.2018,86
1913,4,praca dodatkowa,05.05.2018,98
1914,3,praca domowa,16.10.2018,178
1915,4,praca dodatkowa,28.05.2018,50
1916,2,kartkówka,23.02.2018,104
1917,2,praca dodatkowa,20.08.2018,148
1918,5,praca dodatkowa,31.07.2018,68
1919,1,praca domowa,13.06.2018,139
1920,1,kartkówka,30.07.2018,63
1921,3,kartkówka,27.04.2018,125
1922,5,praca dodatkowa,16.09.2018,109
1923,4,praca dodatkowa,09.02.2018,38
1924,4,aktywność,07.02.2018,23
1925,5,sprawdzian,19.02.2018,184
1926,3,praca domowa,03.10.2018,113
1927,5,praca domowa,12.07.2018,184
1928,3,test,29.06.2018,148
1929,4,aktywność,03.02.2018,90
1930,6,kartkówka,04.06.2018,103
1931,4,aktywność,22.05.2018,129
1932,1,aktywność,21.02.2018,113
1933,4,test,06.10.2018,82
1934,4,sprawdzian,02.02.2018,179
1935,4,sprawdzian,23.03.2018,95
1936,2,praca domowa,25.08.2018,172
1937,1,kartkówka,27.09.2018,152
1938,3,sprawdzian,15.02.2018,115
1939,2,kartkówka,27.07.2018,177
1940,2,praca domowa,16.01.2018,174
1941,5,test,30.03.2018,103
1942,3,praca domowa,29.01.2018,189
1943,1,kartkówka,23.02.2018,200
1944,1,aktywność,26.07.2018,185
1945,2,praca dodatkowa,31.05.2018,176
1946,3,kartkówka,26.06.2018,141
1947,2,test,11.02.2018,98
1948,2,aktywność,02.02.2018,145
1949,2,praca domowa,06.10.2018,75
1950,2,kartkówka,19.04.2018,68
1951,1,praca domowa,03.01.2018,107
1952,6,praca domowa,14.08.2018,123
1953,6,aktywność,07.09.2018,106
1954,5,praca dodatkowa,21.10.2018,108
1955,6,test,30.03.2018,58
1956,4,kartkówka,11.10.2018,158
1957,3,praca dodatkowa,22.02.2018,112
1958,5,aktywność,01.01.2018,108
1959,3,praca domowa,26.09.2018,69
1960,1,praca domowa,28.12.2017,24
1961,6,test,24.01.2018,149
1962,6,praca domowa,24.09.2018,26
1963,6,kartkówka,24.06.2018,129
1964,3,kartkówka,11.09.2018,25
1965,1,test,24.06.2018,58
1966,6,praca dodatkowa,10.05.2018,92
1967,2,sprawdzian,29.03.2018,71
1968,4,aktywność,26.02.2018,122
1969,2,kartkówka,28.10.2018,50
1970,1,aktywność,04.04.2018,175
1971,1,kartkówka,10.04.2018,67
1972,5,test,03.05.2018,80
1973,6,test,14.07.2018,84
1974,6,sprawdzian,16.03.2018,189
1975,3,test,07.03.2018,142
1976,2,test,21.06.2018,60
1977,3,praca dodatkowa,16.01.2018,78
1978,3,aktywność,16.03.2018,42
1979,6,praca dodatkowa,04.04.2018,161
1980,1,praca domowa,30.08.2018,70
1981,3,praca dodatkowa,16.07.2018,22
1982,5,praca domowa,13.06.2018,76
1983,4,kartkówka,02.08.2018,192
1984,6,sprawdzian,12.08.2018,67
1985,6,praca dodatkowa,31.07.2018,53
1986,5,kartkówka,17.03.2018,130
1987,2,praca domowa,08.04.2018,81
1988,3,praca domowa,30.08.2018,42
1989,6,sprawdzian,14.01.2018,56
1990,2,praca domowa,30.01.2018,120
1991,6,praca dodatkowa,17.06.2018,181
1992,6,test,06.08.2018,99
1993,2,sprawdzian,08.09.2018,195
1994,3,kartkówka,16.04.2018,145
1995,2,aktywność,07.08.2018,39
1996,3,aktywność,21.08.2018,107
1997,6,aktywność,27.09.2018,64
1998,1,kartkówka,22.02.2018,11
1999,3,sprawdzian,17.03.2018,134
2000,4,kartkówka,21.05.2018,40